{
  "FITB": 51088780992.71483,
  "LNT": 19703955389.18969,
  "UNH": 377452063068.81885,
  "WRB": 26256677453.52063,
  "CNP": 28809624498.110046,
  "NEE": 183053575270.42133,
  "STT": 46939690486.05191,
  "AEP": 74439008099.53857,
  "PNC": 98873244181.2312,
  "MTB": 34855387926.15326,
  "WEC": 38034986326.62053,
  "C": 238712562072.81714,
  "ETR": 53593112322.18704,
  "CB": 132159448730.74365,
  "OKE": 54775057691.04614,
  "JPM": 877084436474.1724,
  "AEE": 31284002926.01367,
  "AWK": 25695011310.749313,
  "EVRG": 19923240821.096992,
  "EXC": 47701962487.135796,
  "GL": 13873565326.792786,
  "TRV": 70198265014.85583,
  "BAC": 404363732045.4186,
  "CFG": 29631337546.886673,
  "SO": 107893987057.50502,
  "PEG": 40443766811.22748,
  "PFG": 23281814483.833008,
  "RF": 25772062698.676918,
  "USB": 94086998748.10999,
  "AIZ": 13305026903.127045,
  "HUM": 47690829176.55945,
  "PGR": 127181588223.2666,
  "PNW": 12967026762.0,
  "D": 60061908337.57773,
  "EIX": 28647907733.152084,
  "KEY": 24879446420.707077,
  "TFC": 62069705100.28782,
  "XEL": 50128847573.11951,
  "DTE": 31697273036.046753,
  "CMS": 23632349553.0,
  "HBAN": 35941024379.56326,
  "PPL": 27347934510.704453,
  "VST": 53487256545.23877,
  "WFC": 252894057916.36856,
  "DUK": 98681290575.3433,
  "COF": 123585825270.31238,
  "ED": 40770440251.952934,
  "ACGL": 33911752558.278076,
  "ALL": 61250736712.66907,
  "BNY": 99257274116.38252,
  "PCG": 37041419252.89435,
  "HIG": 36327817437.61322,
  "AFL": 59678479994.0,
  "AIG": 39516269003.90561,
  "CINF": 28638703319.466705,
  "ELV": 83983209603.21716,
  "FE": 27498618589.069557,
  "SYF": 25580957930.620514,
  "NI": 22797335733.966885,
  "ES": 27179302144.27433,
  "MET": 54441186263.91264,
  "L": 23295093923.94297,
  "EG": 14136163817.206604,
  "PRU": 37486798904.50521,
  "SRE": 60605212548.223,
  "CNC": 31696830635.559082,
  "ATO": 28755278449.09842,
  "CI": 72926291197.2268,
  "NTRS": 32168614653.0567,
  "NCLH": 9691815335.618591,
  "MS": 329715607555.9992,
  "GS": 298361653936.3041,
  "RJF": 29628067421.12567,
  "CHTR": 20076976945.552826,
  "ECHO": 29416069032.0,
  "ARES": 25102444984.338135,
  "SCHW": 160470027392.7276,
  "AES": 10454891963.760769,
  "AXP": 230796919344.75,
  "UDR": 12970632272.82167,
  "AMT": 76206132708.63275,
  "SPG": 72527436839.49146,
  "KKR": 82406777428.9437,
  "IBKR": 38774994266.41348,
  "BXP": 10574945407.8609,
  "CPT": 11344882124.35965,
  "ARE": 9210141752.085876,
  "CCL": 39130874911.84626,
  "F": 55387226036.96039,
  "CCI": 33052510137.730324,
  "WMB": 90917686541.34659,
  "FIS": 20096261942.966496,
  "SBAC": 18715880691.91301,
  "MAA": 16170504674.022583,
  "INVH": 17946006946.898346,
  "EXR": 30696214645.517212,
  "VTR": 43171872886.07225,
  "KMI": 71127677923.62338,
  "DOC": 14753581359.807255,
  "TRGP": 57554619294.6178,
  "AMP": 41241187133.74121,
  "BA": 170643806553.85312,
  "ESS": 18738080239.676483,
  "RCL": 85159951036.95355,
  "KIM": 17095781484.45929,
  "AVB": 26769841045.977356,
  "MGM": 12232247896.708202,
  "IQV": 32248418203.73535,
  "SJM": 12024077625.0,
  "GM": 69500354881.59828,
  "EQR": 25454196056.27307,
  "T": 143830619185.66183,
  "FRT": 10663882688.591125,
  "VZ": 176793164886.53973,
  "GEN": 14994578258.363556,
  "AMGN": 195439157545.5857,
  "GDDY": 11238947449.685493,
  "GPN": 19848316200.089172,
  "FISV": 26156107606.459496,
  "NRG": 30816683293.096313,
  "IRM": 37580341730.731384,
  "O": 57777236305.07759,
  "LVS": 30607217131.756115,
  "CPAY": 21783166027.04251,
  "PLD": 126303829998.10791,
  "BEN": 17288328617.611015,
  "DE": 171229411413.43842,
  "AMCR": 20042684956.016464,
  "UAL": 44138239093.634766,
  "HPE": 59734821640.53969,
  "TMUS": 181518192558.7326,
  "GIS": 18572105979.233543,
  "CMCSA": 87698208348.9559,
  "DRI": 23595355338.870438,
  "APO": 68207785555.51654,
  "REG": 14600137643.463058,
  "IP": 20174595901.42122,
  "CVS": 131994676015.32887,
  "DOW": 19719486183.585663,
  "VTRS": 18493096278.792473,
  "WM": 89503205566.5791,
  "OXY": 48309407124.03158,
  "ICE": 69620243604.61143,
  "LYB": 16994618790.980476,
  "BLDR": 9624458065.551361,
  "DLR": 64229616578.64555,
  "ORCL": 422133033840.4999,
  "PSKY": 11035045967.642424,
  "VICI": 28588513143.331913,
  "BAX": 11011119092.946167,
  "AJG": 58986176821.899414,
  "VRSN": 22891959777.83203,
  "KMB": 36435515905.74646,
  "WBD": 66840264092.7613,
  "BALL": 16613782692.659935,
  "SWK": 14631478110.651459,
  "EXPE": 30711249648.805298,
  "MKC": 13555494759.558105,
  "WYNN": 10076653138.531647,
  "RSG": 65557064221.30977,
  "BDX": 41697533322.43959,
  "CSX": 88317337557.44409,
  "MDLZ": 74246302661.30942,
  "WY": 17261760444.5383,
  "HST": 16238487125.484291,
  "CRL": 10923959163.308258,
  "EFX": 19147123383.09903,
  "HSIC": 9514327162.229012,
  "IBM": 264305131557.5537,
  "CDW": 17967245270.66548,
  "TKO": 15091742068.603455,
  "TAP": 7307000813.891602,
  "LUV": 25132743427.4886,
  "DVA": 14279878525.772095,
  "KDP": 44531110863.015305,
  "GPC": 16413626768.863678,
  "PSA": 55888759872.69873,
  "KHC": 28008068804.704197,
  "HLT": 75228679065.88245,
  "URI": 70971658877.40417,
  "LMT": 117462933761.53198,
  "BMY": 117664143070.9726,
  "KVUE": 36691366817.36029,
  "HAS": 11685715734.12561,
  "AON": 70841338735.2381,
  "YUM": 44060805519.94583,
  "MPC": 74639438935.89806,
  "MSI": 68936306667.19928,
  "TDG": 74505772084.22559,
  "BRO": 21743504517.34336,
  "DPZ": 9846844279.02008,
  "EQIX": 102804931317.41113,
  "IFF": 20225141442.709747,
  "TMO": 186316132248.7262,
  "EL": 28563707435.13954,
  "SYY": 39966503252.218506,
  "CARR": 60923072759.68485,
  "GEHC": 29117624193.613693,
  "HCA": 86493122871.60645,
  "SHW": 84921578829.13324,
  "STZ": 23852935566.68454,
  "LYV": 42612040766.92662,
  "ROP": 34149426590.291626,
  "BG": 20707554065.255928,
  "CBRE": 39439465740.394226,
  "MRSH": 80300688599.47792,
  "WTW": 24685867025.948242,
  "ABBV": 444595744398.07526,
  "LHX": 54135449128.85751,
  "MOS": 6735170556.108421,
  "SW": 24261707367.98446,
  "HII": 11028794254.017456,
  "HD": 351663104104.6593,
  "NSC": 70655025952.1022,
  "RTX": 255506241040.78766,
  "ZBH": 16655184366.899231,
  "KR": 34020302821.59955,
  "DD": 18314031469.230698,
  "APTV": 12989268173.295109,
  "J": 14878190754.0,
  "ADM": 36821479398.2073,
  "DAL": 61534092290.38513,
  "ZBRA": 12539967243.089844,
  "DIS": 167139224560.0,
  "EQT": 33256664114.715576,
  "TTWO": 46412951623.486435,
  "MAR": 97720365831.91342,
  "IVZ": 11698597768.74321,
  "OMC": 20757001776.54193,
  "COO": 13985646298.744125,
  "NDAQ": 44575925525.770645,
  "DGX": 23462107788.731308,
  "PSX": 67778066354.55658,
  "AVY": 12418214471.61026,
  "PEP": 185083798453.25446,
  "PFE": 137242615154.68692,
  "APA": 11512525185.519447,
  "FDXF": 22484830009.0,
  "AZO": 52174854102.13623,
  "DG": 25391729070.805405,
  "UNP": 161489993936.0,
  "SBUX": 116465945782.4707,
  "MCHP": 49437628772.90532,
  "HPQ": 20064628307.00781,
  "UPS": 91375674992.5,
  "DVN": 47658616029.249306,
  "TSN": 20159408264.5,
  "COR": 55056890896.311646,
  "STX": 218333291940.0,
  "IT": 8678303525.26648,
  "CRH": 71497423112.0,
  "FDX": 74714934671.35205,
  "OTIS": 27474070456.095734,
  "JBL": 40669151887.64642,
  "TPR": 29575306221.866455,
  "BX": 143823566242.94147,
  "NOC": 72339069314.79858,
  "RVTY": 12412140582.297386,
  "MMM": 84446957138.54636,
  "HAL": 28361753740.60789,
  "JCI": 89143991126.71501,
  "WELL": 160221403578.21198,
  "HON": 70937464626.34415,
  "LH": 22960000000.0,
  "HSY": 35588868998.371155,
  "MCD": 192056837011.65656,
  "MLM": 34628471262.98218,
  "BR": 15839403421.188889,
  "WAB": 45745013517.22833,
  "GE": 390484179008.0309,
  "CEG": 88693426218.6278,
  "TXT": 15950836810.863762,
  "VRSK": 23522350775.26123,
  "SNPS": 85413183905.18646,
  "FTV": 18623959819.4081,
  "APD": 65285521890.517944,
  "LDOS": 12952129587.566711,
  "CAT": 490484413941.62146,
  "ALLE": 12073129583.949783,
  "PCAR": 63217503272.9683,
  "IR": 32085706183.67433,
  "UHS": 9001150177.983826,
  "PWR": 108049306388.73993,