{
  "NEE": 181468526654.9137,
  "WRB": 23654463892.109528,
  "ETR": 49932562062.70976,
  "EXC": 46699218976.36331,
  "PEG": 39192979027.678116,
  "CNP": 27645201126.79825,
  "LNT": 18495218777.209793,
  "STT": 43076020847.19481,
  "JPM": 802004555979.8041,
  "FITB": 45252135868.224335,
  "WEC": 36171837535.93588,
  "CVX": 363386935552.04266,
  "IEX": 15604593548.685608,
  "CINF": 24350786642.400116,
  "ED": 38927791726.952934,
  "EVRG": 18911288782.040977,
  "AEE": 29880872317.351562,
  "AEP": 68921783407.15393,
  "AFL": 57220081975.700806,
  "XEL": 49629430020.0,
  "PNC": 88793969467.0752,
  "SO": 103768069511.14993,
  "UNH": 345376396068.0906,
  "VST": 54026745407.04108,
  "CB": 120907635104.53839,
  "D": 58874567826.207275,
  "TRV": 62068862554.682495,
  "AWK": 24072229168.12626,
  "EIX": 26912489172.978333,
  "PNW": 12087207677.956284,
  "PPL": 26625678851.98178,
  "AIZ": 12330920178.258179,
  "C": 214732141237.0039,
  "MTB": 31648242005.98297,
  "PSA": 53311488638.69849,
  "CMS": 22418295422.86522,
  "DTE": 29721004062.546753,
  "DUK": 95679846329.46274,
  "RF": 23894627064.0,
  "TFC": 60063838707.11346,
  "USB": 85143638644.62857,
  "AIG": 39357209564.697075,
  "PCG": 35984352391.552826,
  "CFG": 26328628999.1267,
  "KEY": 23126533842.320145,
  "PFG": 22383203823.375732,
  "PGR": 111098396438.59863,
  "WFC": 237287096166.44714,
  "GL": 11898283602.15541,
  "ACGL": 31214464512.417114,
  "NI": 22159682489.152985,
  "BAC": 366184066763.062,
  "NUE": 56935237500.0,
  "FE": 26833421855.20363,
  "L": 21307367427.106766,
  "COF": 116947478151.38153,
  "ELV": 85386076722.38159,
  "FAST": 50743150572.08124,
  "ES": 25674982044.27433,
  "NTRS": 30616068271.380585,
  "ALL": 53051878520.9964,
  "SYF": 24030290909.69641,
  "FDS": 8942748789.16159,
  "SRE": 58263392004.566666,
  "CVS": 116083870674.06323,
  "MET": 53205788826.40057,
  "FCX": 94462057413.02463,
  "HUM": 36669184942.15393,
  "EG": 12822386147.754822,
  "BNY": 95701818942.81006,
  "ATO": 28231150309.898193,
  "PRU": 34954798556.48958,
  "IDXX": 44452937610.4353,
  "CI": 73381287255.02234,
  "GPN": 20655270797.921974,
  "CNC": 29430300446.525574,
  "NCLH": 8420080037.654648,
  "MS": 328075241936.0,
  "RJF": 27948176619.622986,
  "CHTR": 20336744629.342194,
  "ARES": 28979105662.0,
  "SCHW": 151913483882.7398,
  "SATS": 37441005222.27246,
  "AES": 10462023704.119616,
  "UDR": 11989388091.481941,
  "AXP": 215935850249.12802,
  "AMT": 87103371308.18419,
  "SPG": 66450247055.50513,
  "KKR": 86141932151.61261,
  "IBKR": 38743809925.08,
  "BXP": 9570238233.91,
  "CPT": 10559093909.76,
  "ARE": 8486923676.000001,
  "F": 69253957909.4,
  "WMB": 87309846138.35,
  "CCL": 38867016530.619995,
  "CCI": 39935356444.5,
  "FIS": 22220634701.49,
  "SBAC": 21547762533.72,
  "MAA": 15021786394.14,
  "INVH": 17375727213.0,
  "EXR": 30487065674.16,
  "VTR": 41042448015.66,
  "DOC": 13202387293.3,
  "KMI": 69036344767.37662,
  "TRGP": 55490276579.20212,
  "ESS": 17520320520.96,
  "BA": 180324158216.25,
  "AMP": 40068029309.64,
  "RCL": 74798235442.83197,
  "KIM": 16212331217.102295,
  "AVB": 25921446679.50023,
  "GM": 75198878638.83191,
  "MGM": 12393433823.4,
  "EQR": 24513667774.361572,
  "SJM": 11006106520.800001,
  "T": 171693452612.85,
  "IQV": 30410849000.0,
  "FRT": 10420696888.125,
  "VZ": 198547822984.80136,
  "GEN": 15868107714.36,
  "AMGN": 181768349600.46002,
  "GDDY": 11687816750.198936,
  "FISV": 30284560372.912003,
  "IRM": 37830263643.136635,
  "DE": 144705357396.83075,
  "NRG": 27533734335.0,
  "CPAY": 23791738516.0,
  "BEN": 15921682326.518646,
  "LVS": 33509569525.25,
  "PLD": 131888539739.5935,
  "AMCR": 17638488778.983536,
  "UAL": 36030485505.28,
  "TMUS": 202945850579.01,
  "GIS": 18038210998.843826,
  "CPB": 6293872361.68,
  "CMCSA": 88841324212.59,
  "DRI": 23354832461.73,
  "APO": 73742357199.10019,
  "REG": 14084720570.75,
  "DOW": 24707015614.828674,
  "IP": 17468765861.03666,
  "CAG": 6296998526.43235,
  "VTRS": 18830816415.18,
  "WM": 85055749211.13135,
  "LYB": 21662086313.04219,
  "ICE": 83743921618.85078,
  "DLR": 66457914242.55005,
  "BLDR": 8121846466.532684,
  "PSKY": 11874426145.38,
  "VICI": 30192917429.301704,
  "AJG": 51388400000.0,
  "VRSN": 25969580000.0,
  "BAX": 9544347031.41925,
  "WBD": 67592403190.567795,
  "KMB": 32341208999.63379,
  "BALL": 14350687349.159935,
  "WYNN": 10690033087.0,
  "MKC": 12685366525.274944,
  "EXPE": 27099784765.829998,
  "SWK": 12103770307.922546,
  "RSG": 62351204998.11954,
  "CSX": 83226041061.41693,
  "BDX": 40390095341.73683,
  "WY": 17456440903.755775,
  "CRL": 8704390488.300001,
  "EFX": 20000009836.629997,
  "HSIC": 8723745251.06,
  "IBM": 295880578686.4746,
  "CDW": 16384380090.75,
  "TKO": 15478575535.823273,
  "TAP": 7383896842.873535,
  "LUV": 20777769719.23955,
  "URI": 61758542819.25348,
  "KDP": 40435826543.89795,
  "KHC": 28221506879.723457,
  "GPC": 13494844476.0,
  "DVA": 12479489079.89502,
  "BMY": 117204680156.35103,
  "AON": 66898710081.69644,
  "LMT": 120683907646.7417,
  "YUM": 40778156835.899994,
  "KVUE": 33177751101.405327,
  "MPC": 73480450138.5801,
  "BRO": 19148857915.259647,
  "MSI": 66942698308.96,
  "TDG": 69228433065.91162,
  "DPZ": 10355417540.468445,
  "EQIX": 104842999957.64,
  "CARR": 52538365544.0206,
  "TMO": 182373233948.75,
  "EL": 31827099114.194183,
  "SHW": 73968489997.31662,
  "BG": 24252264375.0,
  "SYY": 35763277690.10925,
  "LYV": 39255157931.16852,
  "GEHC": 28226034974.24511,
  "STZ": 23679028644.036163,
  "ROP": 33277499130.25,
  "CBRE": 36121853364.16106,
  "WTW": 23474099320.928833,
  "ABBV": 380611348855.7488,
  "MRSH": 77487010478.02208,
  "LHX": 58124024712.0,
  "MOS": 7534554671.770226,
  "NSC": 68269838758.1326,
  "RTX": 239157505046.818,
  "SW": 20915627990.82807,
  "DD": 19442793696.0,
  "ZBH": 15970328479.50064,
  "KR": 38827907693.27807,
  "DAL": 53150843108.493805,
  "APTV": 14243649202.285637,
  "J": 14015314406.38868,
  "ADM": 38484227945.5427,
  "DIS": 176377464805.73877,
  "EQT": 34366888519.11926,
  "TTWO": 42352422610.25194,
  "ZBRA": 11616831873.544922,
  "MAR": 97716414687.08026,
  "IVZ": 12434470105.241512,
  "COO": 11751837605.832947,
  "DGX": 21438577201.738785,
  "NDAQ": 52397355797.646774,
  "PEP": 195117160995.671,
  "PFE": 147387629689.00464,
  "PSX": 71301481058.97247,
  "AVY": 12167325541.949999,
  "APA": 13269272645.191658,
  "AZO": 48125023849.853516,
  "UNP": 154852284563.14545,
  "DG": 24359233255.2,
  "SBUX": 111519643260.95581,
  "MCHP": 50356452988.77085,
  "DVN": 53114212197.37326,
  "TGT": 56744892355.730896,
  "UPS": 90687169906.51,
  "TSN": 21247488170.410683,
  "COR": 52279527014.78577,
  "IT": 11191007837.7081,
  "STX": 200901701529.3933,
  "CRH": 70802494275.60443,
  "FDX": 77443402343.67603,
  "JBL": 37415451411.528564,
  "TPR": 28480224241.941376,
  "NOC": 78615528966.0,
  "RVTY": 11509621576.137955,
  "MMM": 78383737729.42136,
  "BX": 142967986579.28903,
  "JCI": 80401033418.56998,
  "WELL": 144652454782.33414,
  "LOW": 118774573521.71526,
  "LH": 21134679199.21875,
  "HSY": 39020978481.19385,
  "MCD": 197300373720.34344,
  "BR": 18227748313.122223,
  "MLM": 34378678266.63208,
  "WAB": 43327111336.72833,
  "GE": 334084265559.25,
  "CEG": 99879887680.48416,
  "VRSK": 23360538722.891846,
  "FTV": 17684987316.5109,
  "TXT": 15563063799.5,
  "APD": 61918591005.50598,
  "SNPS": 91242773357.24792,
  "LDOS": 16379783536.066711,
  "CAT": 398997026109.34717,
  "PCAR": 57049428026.649055,
  "IR": 27407276602.30829,
  "ALLE": 11093459981.783478,
  "POOL": 6603472032.384781,
  "UHS": 8764452823.883087,
  "PWR": 105508486920.07013,
  "FANG": 55202107068.40993,
  "PM": 273246548295.94592,
  "TRMB": 13216257498.56501,
  "MDT": 95469686706.6612,
  "MSCI": 46212201272.66162,
  "VMC": 36157172025.27969,
  "ECL": 71420396084.97073,
  "CVNA": 50967499160.29953,
  "ROK": 50071333049.97958,
  "DELL": 285784057998.00977,
  "ADP": 90100348701.45917,
  "PPG": 24619304319.763184,
  "CLX": 10770464696.667732,
  "ALB": 20526526366.457993,
  "FOX": 24215337782.257404,