{
  "NEE": 187829613449.67004,
  "OKE": 60004327478.584625,
  "ETR": 50619392333.20976,
  "EXC": 45655546203.135796,
  "PEG": 38535194929.11374,
  "BK": 93567190307.18994,
  "CINF": 25964170588.832947,
  "WRB": 25508400426.931732,
  "LNT": 18854223701.0,
  "CNP": 27802202900.0,
  "JPM": 792331559011.4796,
  "STT": 41758611290.44153,
  "CB": 128044258687.62817,
  "WEC": 36315155144.39488,
  "AEP": 70146019729.15393,
  "TRV": 64967204269.17563,
  "EVRG": 19125665965.63797,
  "SO": 106124124677.67001,
  "UNH": 353486118944.3623,
  "AIZ": 12707482521.872955,
  "ED": 39852802073.76732,
  "FITB": 43140428301.87833,
  "XEL": 49773014114.43146,
  "AEE": 30165926144.0,
  "AWK": 24246030202.498627,
  "D": 59921183119.266815,
  "AFL": 60268904346.59839,
  "PNC": 85641690782.3092,
  "PNW": 12300497349.0,
  "AIG": 41106887666.90561,
  "PGR": 118544335598.47461,
  "PPL": 26520350260.5,
  "DUK": 97106502886.20892,
  "EIX": 27197235867.30979,
  "ACGL": 33677662174.06952,
  "CMS": 22646895268.421753,
  "DTE": 29779251736.24594,
  "C": 204618069373.35312,
  "TFC": 58269774262.06827,
  "GL": 11636619951.94519,
  "MTB": 30249691236.068115,
  "RF": 22904706930.135384,
  "USB": 82737575224.18929,
  "CFG": 25935350277.179962,
  "KEY": 22682001475.679855,
  "PFG": 21847492385.916504,
  "HBAN": 31339438952.348896,
  "HIG": 37013144487.61322,
  "NI": 22735008120.020523,
  "PCG": 36138507450.447174,
  "VST": 45421852528.07831,
  "WFC": 228137136116.6572,
  "BAC": 359797151419.969,
  "ALL": 57811592930.7518,
  "COF": 113275954529.85526,
  "ELV": 87357908216.78284,
  "FE": 26069892880.726814,
  "ES": 25878065602.085876,
  "L": 22194230767.371353,
  "SYF": 23340730887.075897,
  "SRE": 59688436504.337036,
  "MET": 52163419477.16868,
  "HUM": 37285097359.40552,
  "EG": 14128249013.754822,
  "PRU": 35135409096.06253,
  "ATO": 29666659250.90158,
  "CI": 77052998314.20447,
  "CNC": 29208093303.474426,
  "NTRS": 30516143994.4433,
  "NCLH": 6790238953.086338,
  "MS": 299021658494.9548,
  "GS": 273985189298.60815,
  "RJF": 29431236627.31015,
  "CHTR": 20117917725.0,
  "ARES": 27312525326.165466,
  "SCHW": 159670026651.7337,
  "SATS": 39565338619.97681,
  "AES": 10390707660.771538,
  "UDR": 12151845917.981941,
  "AXP": 211050390418.49396,
  "AMT": 85258431627.0,
  "SPG": 65136871922.250854,
  "KKR": 83430352033.66554,
  "IBKR": 37175702196.28839,
  "BXP": 9356538237.958176,
  "CPT": 10410457773.8396,
  "ARE": 7988512989.791412,
  "F": 52040087419.84357,
  "WMB": 97106064107.14725,
  "CCL": 33090983649.107895,
  "CCI": 40301974511.8851,
  "FIS": 22484243068.5,
  "SBAC": 22009136075.048447,
  "MAA": 14951955655.011292,
  "INVH": 17025242368.316391,
  "EXR": 29642021414.38623,
  "VTR": 42953094285.213875,
  "DOC": 13305799722.61451,
  "KMI": 76333774778.00322,
  "TRGP": 59284648628.76483,
  "BA": 169492879858.03595,
  "AMP": 41690672553.74121,
  "ESS": 17519678217.348022,
  "KIM": 15747001900.45929,
  "RCL": 66297797743.13388,
  "AVB": 25751035177.49727,
  "GM": 65487940636.35258,
  "EQR": 24630919058.514824,
  "SJM": 10989042887.399452,
  "MGM": 9215761601.8194,
  "T": 173569500917.6029,
  "IQV": 28903740777.58789,
  "FRT": 9920935067.113312,
  "VZ": 199341189371.93698,
  "GEN": 14729742798.846085,
  "AMGN": 178605000000.0,
  "GDDY": 11976470257.067215,
  "GPN": 18584546533.410828,
  "FISV": 29878220184.635193,
  "IRM": 36750247598.3494,
  "O": 57898461329.98707,
  "DE": 150738772844.06482,
  "CPAY": 22428289843.109985,
  "LVS": 33078854050.67482,
  "NRG": 26101136010.536118,
  "BEN": 15999628693.72203,
  "PLD": 132802226996.21582,
  "AMCR": 16963462731.164818,
  "HPE": 43281978965.94693,
  "UAL": 28925655050.817383,
  "TMUS": 209320034380.56396,
  "GIS": 18022414976.159874,
  "CPB": 6025540249.518738,
  "CMCSA": 88591265488.2059,
  "DRI": 22188865641.843674,
  "APO": 75610268311.16635,
  "REG": 14160705068.079529,
  "DOW": 27200783079.860573,
  "CVS": 120166834162.64212,
  "IP": 15557208251.73167,
  "CAG": 6664629729.087433,
  "VTRS": 18830816504.028316,
  "ICE": 87151130949.61143,
  "WM": 89286351229.06567,
  "OXY": 60374327109.54605,
  "LYB": 23576200115.438286,
  "ORCL": 521887326469.39087,
  "DLR": 65459922290.63751,
  "BLDR": 7140900101.990662,
  "PSKY": 11079812847.26936,
  "VICI": 30548254808.859894,
  "AJG": 52274849115.875244,
  "VRSN": 27539330444.335938,
  "BAX": 9466876877.236542,
  "WBD": 67918333639.7387,
  "KMB": 32020901625.183105,
  "BALL": 14672845383.713974,
  "MKC": 12702840963.75,
  "WYNN": 9836906047.927216,
  "EXPE": 25804746555.0,
  "SWK": 11485056641.348541,
  "RSG": 66138549157.95651,
  "CSX": 85623041886.83386,
  "BDX": 40490664906.76735,
  "MDLZ": 78674895333.35646,
  "HST": 14923520160.015709,
  "WY": 16504664879.920517,
  "IBM": 208964696023.38135,
  "EFX": 19401662456.398544,
  "CRL": 7342206731.109009,
  "HSIC": 8306809711.852188,
  "TKO": 14474009175.189636,
  "CDW": 13331072416.913704,
  "TAP": 7867779695.090332,
  "PSA": 52219593871.84924,
  "URI": 58112198898.44861,
  "LUV": 18255697434.7405,
  "HLT": 71798023379.77295,
  "KDP": 39252141257.36225,
  "KHC": 27604904226.84889,
  "DVA": 12491042889.175415,
  "GPC": 12864621496.586792,
  "AON": 69126316095.48215,
  "LMT": 121421714006.83887,
  "KVUE": 32928147923.77482,
  "YUM": 41946791405.283325,
  "HAS": 13750065491.739532,
  "TDG": 65950166585.621216,
  "BRO": 19689480135.409336,
  "MSI": 66187420234.54193,
  "DPZ": 10402649842.5,
  "EQIX": 103400625627.84082,
  "CARR": 51030860048.49136,
  "IFF": 18379296475.882942,
  "TMO": 166415807334.37103,
  "SHW": 73756379449.36127,
  "BG": 23720655154.36741,
  "SYY": 35954551462.95801,
  "LYV": 37934512086.660416,
  "HCA": 89776349203.60107,
  "STZ": 25221909671.693207,
  "GEHC": 28012237014.811737,
  "ROP": 33192728918.260406,
  "CBRE": 37524442811.639435,
  "MRSH": 80011616309.83832,
  "ABBV": 377669623711.6772,
  "LHX": 57406788013.595856,
  "MOS": 6801918060.351128,
  "HII": 12790548053.903107,
  "HD": 301238607317.22815,
  "RTX": 234982798749.273,
  "NSC": 71465813859.82599,
  "DD": 19085936570.301247,
  "KR": 43529182855.40307,
  "SW": 18681409898.17193,
  "ZBH": 16653250804.800385,
  "J": 13330150358.239151,
  "DIS": 177627755150.7837,
  "ADM": 38262528384.36708,
  "EQT": 37384820346.321106,
  "DAL": 44517937881.89133,
  "APTV": 11124891039.80854,
  "ZBRA": 11772592542.068848,
  "TTWO": 44097682978.81787,
  "MAR": 94582472827.64105,
  "IVZ": 11734061465.242361,
  "OMC": 20471995580.54193,
  "COO": 11989779905.960472,
  "DGX": 21075493049.74626,
  "NDAQ": 52018444498.5229,
  "PEP": 205546906382.90356,
  "PFE": 146247736506.87384,
  "PSX": 73122530905.29053,
  "AVY": 11799406369.925766,
  "APA": 14460466932.634724,
  "AZO": 55293718803.95508,
  "UNP": 161228758672.78485,
  "DG": 22789020332.88513,
  "SBUX": 121241282869.72046,
  "MCHP": 49681645077.84851,
  "HPQ": 19250134837.95005,
  "DVN": 57292068137.689285,
  "TGT": 57789384698.05486,
  "TSN": 23296882525.856384,
  "UPS": 82306109551.97798,
  "STX": 164438325808.85938,
  "COR": 51786319952.71423,
  "IT": 10319964129.59581,
  "CRH": 65844449896.39557,
  "FDX": 89470375588.58801,
  "OTIS": 27220819368.246826,
  "JBL": 35119713326.50952,
  "TPR": 26595146690.366455,
  "HAL": 35905394267.88527,
  "MMM": 77901286421.2994,
  "HON": 137597770923.3383,
  "RVTY": 10695235743.918068,
  "BX": 139655657702.6933,
  "JCI": 82621853841.10497,
  "WELL": 153889350100.0,
  "LOW": 122300931209.7279,
  "LH": 20802580200.195312,
  "HSY": 39108202740.628845,
  "MCD": 199510036534.03278,
  "MLM": 31983450100.964355,
  "BR": 17282818473.603333,
  "GE": 298068987868.4132,
  "WAB": 43316928521.148834,
  "CEG": 94151418572.17422,
  "VRSK": 22366739186.063232,
  "FTV": 17742911654.7905,
  "TXT": 15333530397.646706,
  "APD": 64971541307.77692,
  "SNPS": 94606737339.12854,
  "LDOS": 15843937182.199966,
  "CAT": 396178205422.37146,
  "PCAR": 57565186282.5317,
  "IR": 26822226960.639572,
  "ALLE": 10841668538.466522,
  "POOL": 6506533510.946518,
  "UHS": 10076275439.207718,
  "PWR": 107162454938.08557,
  "DELL": 152817431631.4348,