{
    "TGNA": 3.1199999999999997,
    "SIRI": 2.25,
    "ABBV": 4.02,
    "NWG": 7.01,
    "AY": 10.39,
    "APLE": 6.260000000000001,
    "PZZA": 2.8199999,
    "TGT": 4.1100003,
    "MAS": 2.21,
    "SYY": 3.11,
    "SWBI": 3.7199999999999998,
    "G": 1.55,
    "BAM": 3.8399997999999997,
    "FRT": 5.0300002,
    "PRGO": 3.44,
    "CSL": 1.35,
    "PCH": 3.9600000000000004,
    "OUT": 12.01,
    "ALV": 2.8499998,
    "EWBC": 3.8399997999999997,
    "AAP": 1.87,
    "REG": 4.37,
    "AVT": 2.6099999,
    "LVS": 0.44,
    "EPR": 7.9399999999999995,
    "AMGN": 3.26,
    "OPRA": 7.369999600000001,
    "WLK": 1.28,
    "JEF": 3.42,
    "CRI": 4.3999999999999995,
    "DINO": 3.2300000000000004,
    "BMY": 3.9800000000000004,
    "FAST": 2.5799999000000002,
    "KR": 2.6199998,
    "LNC": 7.430000000000001,
    "ACA": 0.27999999999999997,
    "DOX": 2.07,
    "FBP": 4.3,
    "CFR": 4.02,
    "CBSH": 2.34,
    "BXMT": 11.93,
    "RYN": 4.01,
    "PZC": 5.17,
    "POOL": 1.2999999,
    "SWKS": 2.7999999,
    "ACN": 1.46,
    "SU": 4.6,
    "PKX": 1.71,
    "TX": 6.959999999999999,
    "ESNT": 2.16,
    "CRH": 2.4,
    "NRG": 3.9899999999999998,
    "SLP": 0.58,
    "LMT": 2.97,
    "GOGL": 9.55,
    "RPRX": 2.96,
    "PAAS": 2.91,
    "GHC": 1.13,
    "AEO": 2.4400001000000002,
    "CI": 1.73,
    "HP": 4.75,
    "MMC": 1.5,
    "PFG": 3.61,
    "TRGP": 2.4400001000000002,
    "DLR": 4.24,
    "PFC": 7.39,
    "AGRO": 2.8900001,
    "NEE": 3.54,
    "MED": 8.870000000000001,
    "EIX": 4.82,
    "OGN": 6.88,
    "PGR": 0.29,
    "PK": 4.8699997,
    "SLB": 1.71,
    "HBAN": 6.29,
    "CAF": 0.02,
    "TEL": 1.9299999,
    "CE": 2.31,
    "MSFT": 0.9599999499999999,
    "PBR": 25.679999999999996,
    "WPC": 7.920000000000001,
    "VFC": 7.32,
    "DG": 2.2399999999999998,
    "ITUB": 5.4899998,
    "MC": 5.5,
    "PAG": 1.6099999999999999,
    "WFG": 1.6500000000000001,
    "ASTL": 3.04,
    "UNH": 1.39,
    "CP": 0.76,
    "COF": 2.5799999000000002,
    "PDCO": 3.49,
    "LUV": 2.6600001,
    "TU": 6.52,
    "AMX": 4.33,
    "OLED": 0.91,
    "MDU": 2.6800001,
    "GSK": 3.9,
    "CEIX": 4.3999999999999995,
    "EVRG": 5.0,
    "SCHW": 1.95,
    "GFI": 3.82,
    "CL": 2.7199999999999998,
    "KKR": 1.1199999999999999,
    "CHRD": 8.2399994,
    "PR": 2.98,
    "GS": 3.5900000000000003,
    "NOV": 0.98,
    "RJF": 1.67,
    "KBH": 1.8099998999999998,
    "GPS": 5.86,
    "AMG": 0.029999999000000003,
    "VAC": 3.0199999,
    "HL": 0.69,
    "VET": 2.1399999999999997,
    "CB": 1.6500000000000001,
    "PLD": 3.1,
    "LH": 1.4400001,
    "SYK": 1.13,
    "RACE": 0.6799999999999999,
    "CASY": 0.64,
    "AMCR": 5.4899998,
    "HUM": 0.72000003,
    "PWR": 0.16999999999999998,
    "LRFC": 3.18,
    "WBA": 8.51,
    "CCEP": 3.17,
    "NKE": 1.43,
    "XP": 2.54,
    "AVB": 3.8399997999999997,
    "NTES": 1.72,
    "CTAS": 1.1199999999999999,
    "DTE": 3.9100002000000003,
    "ALGT": 0.8099999999999999,
    "III": 4.16,
    "HVT": 4.24,
    "ORA": 0.70999996,
    "SRC": 8.180001,
    "KDP": 2.7199999999999998,
    "BAP": 5.43,
    "KLAC": 1.15,
    "WST": 0.21,
    "KNX": 1.15,
    "FHI": 3.44,
    "MAA": 4.35,
    "EXC": 3.88,
    "UDR": 4.8299997999999995,
    "PII": 2.6199998,
    "AIG": 2.3800000000000003,
    "THG": 2.92,
    "LOGI": 1.6900001000000002,
    "CHD": 1.2,
    "GD": 2.39,
    "AEE": 3.47,
    "ELV": 1.37,
    "MPW": 18.72,
    "HMY": 1.39999995,
    "PSA": 4.5500003,
    "MS": 4.16,
    "WFC": 3.6199997999999995,
    "RF": 5.86,
    "VIV": 2.6500002,
    "VSH": 1.67,
    "WEC": 3.92,
    "BBY": 5.3000003,
    "SON": 3.81,
    "RS": 1.5700001000000001,
    "OLN": 1.6500000000000001,
    "NUE": 1.3099999,
    "IP": 5.2600004,
    "ALC": 0.32,
    "MDC": 5.2299999999999995,
    "PEAK": 6.9299996,
    "TER": 0.44999999999999996,
    "MTX": 0.38999999999999996,
    "LNT": 3.8699999999999997,
    "FBK": 2.1,
    "WGO": 2.11,
    "AES": 4.63,
    "TOL": 1.1900000000000002,
    "OR": 1.50999995,
    "ROK": 1.66,
    "VOYA": 2.48,
    "ADEA": 2.23,
    "CNI": 2.21,
    "BVN": 0.89,
    "BTI": 9.28,
    "PG": 2.5899999,
    "FMC": 3.56,
    "AA": 1.45000005,
    "LEN": 1.39,
    "TPL": 0.73,
    "LDOS": 1.5599999999999998,
    "FNF": 4.36,
    "CMA": 6.84,
    "IFF": 4.75,
    "FRA": 11.37,
    "BP": 4.2299999999999995,
    "OXY": 1.15,
    "TM": 2.87,
    "EVT": 8.51,
    "PMO": 4.5700002,
    "SPTN": 3.9100002000000003,
    "EL": 1.87,
    "WWD": 0.72000003,
    "HPE": 2.8399997999999997,
    "BR": 1.82,
    "GRF": 4.279999999999999,
    "EQH": 3.2899998,
    "XOM": 3.1400003,
    "CTSH": 1.72,
    "PSEC": 12.0699994,
    "CNA": 4.38,
    "ASH": 1.95,
    "DNB": 2.0,
    "REXR": 3.2199999999999998,
    "NEM": 4.54,
    "UFPI": 1.2,
    "CDW": 1.17,
    "TRU": 0.61000003,
    "HSY": 2.42,
    "AMP": 1.7000000000000002,
    "AEP": 4.5600000000000005,
    "LTC": 7.1,
    "OSK": 1.7500000000000002,
    "FBIN": 1.55,
    "GRMN": 2.78,
    "SM": 1.5800001000000001,
    "HES": 1.1400000000000001,
    "AGCO": 1.01,
    "KMB": 3.92,
    "LIN": 1.37,
    "RHP": 4.8800003,
    "CPG": 3.73,
    "PAC": 6.34,
    "KIM": 5.2299999999999995,
    "AG": 0.41000000000000003,
    "ITW": 2.4300002000000003,
    "H": 0.58999998,
    "ALB": 0.9400000000000001,
    "AU": 0.49,
    "NXPI": 2.0299999,
    "PNW": 4.81,
    "MCHP": 1.9299999,
    "AMAT": 0.9400000000000001,
    "AOS": 1.82,
    "CNO": 2.6199998,
    "ETN": 1.6500000000000001,
    "ACM": 0.8999999999999999,
    "CPB": 3.7100002,
    "HLI": 2.11,
    "LW": 1.25,
    "ICE": 1.53,
    "OTIS": 1.71,
    "ED": 3.9,
    "EXPI": 1.39,
    "STM": 0.5700000000000001,
    "SBUX": 2.55,
    "MUR": 2.48,
    "NGG": 5.87,
    "WPM": 1.53,
    "BLK": 3.2,
    "AIZ": 1.95,
    "HCA": 0.98,
    "JKHY": 1.39999995,
    "IHG": 1.91,
    "WRB": 0.69,
    "RAND": 7.46,
    "YY": 4.4899996,
    "DEI": 5.96,
    "OMC": 3.7600000000000002,
    "ENX": 4.3,
    "SMG": 5.54,
    "WHR": 5.46,
    "IBM": 4.73,
    "BMA": 12.3900004,
    "OKE": 6.16,
    "FHN": 5.79,
    "UGI": 6.4,
    "EPC": 1.6199999999999999,
    "PFSI": 1.26,
    "STZ": 1.43,
    "JCI": 2.8499998,
    "WT": 1.78,
    "DHR": 0.5,
    "HAL": 1.5800001000000001,
    "JBHT": 0.8999999999999999,
    "CGNX": 0.6799999999999999,
    "AMT": 4.099999700000001,
    "TCPC": 12.23,
    "VLO": 3.0199999,
    "CVX": 3.6199997999999995,
    "SAN": 3.27,
    "AYI": 0.31,
    "ARR": 23.47,
    "APA": 2.53,
    "CM": 7.0300005,
    "IPG": 4.3999999999999995,
    "ASC": 6.3100000000000005,
    "CBRL": 8.129999999999999,
    "FR": 2.69,
    "X": 0.61000003,
    "MGA": 3.54,
    "ARCO": 1.79,
    "GIL": 2.6800001,
    "M": 5.6999996,
    "SBS": 2.3,
    "JNJ": 3.06,
    "PXD": 7.359999999999999,
    "STE": 0.95,
    "SAP": 1.7500000000000002,
    "GILD": 4.0900003,
    "DELL": 2.19,
    "AJG": 0.98,
    "EXP": 0.6,
    "ZION": 4.9799999999999995,
    "SRE": 3.5900000000000003,
    "EBAY": 2.35,
    "PTEN": 2.4600001,
    "TTE": 4.81,
    "NOK": 2.8900001,
    "IIPR": 9.92,
    "F": 4.97,
    "PRU": 5.47,
    "MO": 9.53,
    "GIS": 3.75,
    "BSY": 0.4,
    "HIG": 2.4,
    "NSA": 7.199999999999999,
    "FINV": 4.4499997,
    "MAR": 1.09,
    "IVR": 16.88,
    "AQN": 7.75,
    "NVEI": 2.73,
    "ESS": 4.36,
    "OEC": 0.4,
    "MSM": 3.27,
    "CLX": 3.65,
    "ORCL": 1.53,
    "DE": 1.45000005,
    "CARR": 1.38,
    "CPT": 4.2299999999999995,
    "HWM": 0.43,
    "TFX": 0.69999998,
    "WD": 3.5999999999999996,
    "SNV": 5.47,
    "BWA": 1.13,
    "ROST": 1.2,
    "BRO": 0.66000004,
    "KO": 3.35,
    "AON": 0.77,
    "FE": 4.8800003,
    "TECK": 0.86,
    "LII": 1.1900000000000002,
    "CCU": 2.6600001,
    "ASML": 1.35,
    "CFG": 6.6000000000000005,
    "PAYX": 2.94,
    "HLT": 0.4,
    "PSX": 3.63,
    "ACI": 2.11,
    "TXT": 0.1,
    "SCCO": 5.4399999999999995,
    "VIRT": 5.58,
    "CVS": 3.49,
    "SBSW": 6.1,
    "CAKE": 3.7800000000000002,
    "EDF": 16.510001,
    "PKG": 3.26,
    "STWD": 10.38,
    "MMS": 1.54,
    "HLNE": 2.0299999,
    "R": 2.7199999999999998,