{
    "EURUSD": [
        0.97763,
        0.97197,
        0.97194,
        0.98408,
        0.98599,
        0.97734,
        0.97847,
        0.98727,
        0.98809,
        0.98699,
        0.99649,
        1.00794,
        0.9964,
        0.99523,
        0.99569,
        0.98842,
        0.98737,
        0.98142,
        0.9751,
        0.99045,
        0.99169,
        1.00167,
        1.00713,
        1.00113,
        1.01965,
        1.03322,
        1.0317,
        1.03214,
        1.03456,
        1.03934,
        1.03633,
        1.03214,
        1.03231,
        1.02409,
        1.03035,
        1.03952,
        1.04076,
        1.0371,
        1.03752,
        1.03402,
        1.03263,
        1.04076,
        1.05206,
        1.0528,
        1.0538,
        1.04944,
        1.04654,
        1.05069,
        1.05548,
        1.05288,
        1.05322,
        1.05353,
        1.0633,
        1.06803,
        1.06283,
        1.05868,
        1.05923,
        1.06068,
        1.06229,
        1.06051,
        1.05962,
        1.06346,
        1.06392,
        1.0615,
        1.06616,
        1.07058,
        1.06922,
        1.06657,
        1.0547,
        1.06052,
        1.05203,
        1.06398,
        1.06388,
        1.07299,
        1.07351,
        1.07544,
        1.08481,
        1.08289,
        1.08296,
        1.08229,
        1.07901,
        1.0792,
        1.08301,
        1.08653,
        1.08661,
        1.08701,
        1.08859,
        1.09134,
        1.08909,
        1.08641,
        1.08655,
        1.08511,
        1.0862,
        1.09881,
        1.09082,
        1.0782,
        1.07873,
        1.07266,
        1.07291,
        1.07118,
        1.07392,
        1.0679,
        1.06776,
        1.0724,
        1.07344,
        1.06886,
        1.06681,
        1.06855,
        1.06914,
        1.06852
    ],
    "EURUSD_position": "BUY",
    "EURUSD_profits": [
        0.0,
        -26.08,
        -26.22,
        29.72,
        38.53,
        -1.34,
        3.87,
        44.43,
        48.2,
        43.14,
        86.92,
        139.68,
        86.5,
        81.11,
        83.23,
        49.72,
        44.89,
        17.47,
        -11.66,
        59.08,
        64.8,
        110.79,
        135.96,
        108.3,
        193.65,
        256.16,
        249.15,
        251.18,
        262.33,
        284.33,
        270.46,
        251.17,
        251.95,
        214.08,
        242.91,
        285.16,
        290.87,
        274.03,
        275.96,
        259.83,
        253.43,
        290.86,
        342.94,
        346.32,
        350.93,
        330.81,
        317.45,
        336.57,
        358.63,
        346.65,
        348.23,
        349.66,
        394.67,
        416.46,
        392.51,
        373.39,
        375.92,
        382.6,
        390.02,
        381.82,
        377.72,
        395.45,
        397.57,
        386.39,
        407.86,
        428.24,
        421.95,
        409.74,
        355.05,
        381.86,
        342.75,
        397.8,
        397.35,
        439.33,
        441.73,
        450.62,
        493.79,
        484.94,
        485.27,
        482.18,
        467.07,
        467.94,
        485.5,
        501.71,
        502.08,
        503.92,
        511.2,
        523.87,
        513.5,
        501.17,
        501.82,
        495.18,
        500.2,
        558.3,
        521.49,
        463.35,
        465.77,
        437.8,
        438.97,
        431.0,
        443.63,
        415.89,
        415.24,
        436.61,
        441.41,
        420.31,
        410.86,
        418.88,
        421.6,
        418.69
    ],
    "EURUSD_volume": 0.01,
    "N_DAYS": 110,
    "USDHUF": [
        444.26,
        438.16,
        428.95,
        428.89,
        417.72,
        418.16,
        422.78,
        416.29,
        412.72,
        418.55,
        414.34,
        404.67,
        409.53,
        411.81,
        412.53,
        413.46,
        411.59,
        414.69,
        415.83,
        405.6,
        405.49,
        399.69,
        397.87,
        401.13,
        392.9,
        390.36,
        391.31,
        395.85,
        397.66,
        393.25,
        395.89,
        393.03,
        393.78,
        398.32,
        393.33,
        393.6,
        396.22,
        394.18,
        394.37,
        392.36,
        392.67,
        392.51,
        390.95,
        387.76,
        388.12,
        392.8,
        392.53,
        390.1,
        394.89,
        396.89,
        396.83,
        393.31,
        385.09,
        378.14,
        381.79,
        382.75,
        382.5,
        379.6,
        377.97,
        378.41,
        377.23,
        375.38,
        376.29,
        377.89,
        374.41,
        372.62,
        371.26,
        375.53,
        379.01,
        372.12,
        376.38,
        370.13,
        370.88,
        368.64,
        370.45,
        369.4,
        365.79,
        364.86,
        365.18,
        367.61,
        366.88,
        364.59,
        363.54,
        361.24,
        361.51,
        363.08,
        357.26,
        353.62,
        355.37,
        358.0,
        358.12,
        358.72,
        359.38,
        353.98,
        352.46,
        359.08,
        358.87,
        367.09,
        364.58,
        360.04,
        360.28,
        361.07,
        361.58,
        356.35,
        351.0,
        354.25,
        359.07,
        358.54,
        358.35,
        357.29
    ],
    "USDHUF_position": "SELL",
    "USDHUF_profits": [
        0.0,
        78.28,
        196.47,
        197.24,
        340.58,
        334.94,
        275.65,
        358.94,
        404.76,
        329.94,
        383.97,
        508.06,
        445.69,
        416.42,
        407.17,
        395.24,
        419.24,
        379.47,
        364.84,
        496.13,
        497.55,
        571.98,
        595.34,
        553.46,
        659.07,
        691.69,
        679.49,
        621.24,
        598.01,
        654.58,
        620.71,
        657.41,
        647.79,
        589.52,
        653.56,
        650.09,
        616.48,
        642.65,
        640.22,
        666.03,
        662.04,
        664.09,
        684.14,
        725.03,
        720.38,
        660.33,
        663.8,
        694.98,
        633.47,
        607.87,
        608.63,
        653.76,
        759.22,
        848.42,
        801.56,
        789.26,
        792.45,
        829.66,
        850.65,
        845.0,
        860.16,
        883.93,
        872.27,
        851.74,
        896.44,
        919.43,
        936.85,
        882.06,
        837.38,
        925.8,
        871.18,
        951.34,
        941.77,
        970.52,
        947.21,
        960.63,
        1007.13,
        1019.06,
        1015.07,
        983.88,
        993.22,
        1022.58,
        1036.09,
        1065.64,
        1062.21,
        1041.97,
        1116.85,
        1163.74,
        1141.24,
        1107.47,
        1105.9,
        1098.2,
        1089.72,
        1159.11,
        1178.66,
        1093.59,
        1096.28,
        990.78,
        1023.02,
        1081.31,
        1078.23,
        1068.08,
        1061.51,
        1128.66,
        1197.41,
        1155.69,
        1093.8,
        1100.6,
        1103.04,
        1116.59
    ],
    "USDHUF_volume": 0.01,